kernel,variant,ell,sigma_f2,sigma_y2,log_marginal_likelihood
Matern52,b2_noisy_inputs,0.7079489626523617,1.23170946526553,0.0026435280394411,4.342454615037752
